event_time,user_id,event_type,page_id
2025-07-05 22:19:50,1088,view,order_success
2025-07-05 22:20:33,1037,login,home
2025-07-05 22:21:07,1012,login,home
2025-07-05 22:21:32,1055,click,product
2025-07-05 22:23:07,1072,view,search
2025-07-05 22:24:41,1046,view,search
2025-07-05 22:25:49,1055,view,order_success
2025-07-05 22:26:56,1029,login,home
2025-07-05 22:30:02,1065,click,product
2025-07-05 22:30:30,1065,view,cart
2025-07-05 22:32:35,1011,view,home
2025-07-05 22:32:57,1020,click,product
2025-07-05 22:36:35,1018,view,home
2025-07-05 22:37:43,1012,click,product
2025-07-05 22:38:27,1058,click,product
2025-07-05 22:39:33,1039,click,product
2025-07-05 22:42:16,1068,view,checkout
2025-07-05 22:42:28,1024,login,home
2025-07-05 22:43:38,1035,logout,cart
2025-07-05 22:44:18,1059,add_to_cart,cart
2025-07-05 22:44:41,1016,click,product
2025-07-05 22:49:24,1063,login,home
2025-07-05 22:54:32,1028,view,home
2025-07-05 23:01:44,1024,view,search
2025-07-05 23:02:40,1097,view,search
2025-07-05 23:03:29,1024,click,product
2025-07-05 23:05:06,1082,login,home
2025-07-05 23:07:54,1023,add_to_cart,cart
2025-07-05 23:09:05,1037,click,product
2025-07-05 23:09:34,1045,login,home
2025-07-05 23:09:46,1016,login,home
2025-07-05 23:10:11,1074,login,home
2025-07-05 23:10:19,1031,view,home
2025-07-05 23:10:35,1031,login,home
2025-07-05 23:12:45,1050,add_to_cart,cart
2025-07-05 23:12:53,1084,click,product
2025-07-05 23:17:20,1036,login,home
2025-07-05 23:17:35,1047,order,order_success
2025-07-05 23:22:06,1037,order,order_success
2025-07-05 23:22:24,1028,order,order_success
2025-07-05 23:22:38,1065,view,cart
2025-07-05 23:24:55,1035,login,home
2025-07-05 23:26:04,1031,logout,product
2025-07-05 23:28:56,1027,view,cart
2025-07-05 23:30:36,1000,view,order_success
2025-07-05 23:34:41,1065,order,order_success
2025-07-05 23:35:18,1031,logout,cart
2025-07-05 23:37:58,1094,view,product
2025-07-05 23:41:42,1074,click,product
2025-07-05 23:42:35,1097,login,home
2025-07-05 23:46:05,1042,order,order_success
2025-07-05 23:48:00,1035,login,home
2025-07-05 23:48:34,1051,order,order_success
2025-07-05 23:49:06,1024,login,home
2025-07-05 23:50:52,1025,click,product
2025-07-05 23:52:36,1039,click,product
2025-07-05 23:53:31,1024,add_to_cart,cart
2025-07-05 23:55:19,1027,add_to_cart,cart
2025-07-05 23:55:40,1020,add_to_cart,cart
2025-07-05 23:57:30,1015,click,product
2025-07-05 23:59:59,1059,login,home
2025-07-06 00:00:06,1093,view,cart
2025-07-06 00:02:17,1060,view,product
2025-07-06 00:03:20,1017,logout,cart
2025-07-06 00:03:36,1036,click,product
2025-07-06 00:04:14,1068,logout,home
2025-07-06 00:09:38,1022,click,product
2025-07-06 00:10:47,1060,view,checkout
2025-07-06 00:11:08,1029,view,checkout
2025-07-06 00:11:16,1022,order,order_success
2025-07-06 00:12:19,1063,login,home
2025-07-06 00:12:35,1019,view,checkout
2025-07-06 00:17:40,1060,view,home
2025-07-06 00:21:17,1046,login,home
2025-07-06 00:22:03,1063,view,home
2025-07-06 00:22:26,1081,click,product
2025-07-06 00:23:50,1037,login,home
2025-07-06 00:29:04,1081,view,checkout
2025-07-06 00:29:05,1020,view,cart
2025-07-06 00:30:00,1059,click,product
2025-07-06 00:30:47,1055,click,product
2025-07-06 00:31:55,1023,view,order_success
2025-07-06 00:33:13,1050,click,product
2025-07-06 00:36:21,1028,order,order_success
2025-07-06 00:36:59,1072,view,home
2025-07-06 00:40:15,1097,login,home
2025-07-06 00:40:26,1093,login,home
2025-07-06 00:40:51,1067,login,home
2025-07-06 00:42:07,1025,click,product
2025-07-06 00:45:36,1084,login,home
2025-07-06 00:46:10,1058,logout,product
2025-07-06 00:48:26,1025,login,home
2025-07-06 00:51:54,1041,view,order_success
2025-07-06 00:52:51,1080,click,product
2025-07-06 00:56:27,1033,view,checkout
2025-07-06 00:56:27,1036,click,product
2025-07-06 00:58:05,1062,click,product
2025-07-06 00:58:56,1074,view,order_success
2025-07-06 00:59:12,1036,login,home
2025-07-06 01:00:53,1080,login,home
2025-07-06 01:02:54,1024,view,cart
2025-07-06 01:04:35,1095,click,product
2025-07-06 01:06:04,1024,view,search
2025-07-06 01:08:54,1036,click,product
2025-07-06 01:09:05,1000,view,order_success
2025-07-06 01:09:38,1003,click,product
2025-07-06 01:09:46,1035,login,home
2025-07-06 01:10:13,1028,view,home
2025-07-06 01:11:40,1012,click,product
2025-07-06 01:12:04,1018,click,product
2025-07-06 01:14:05,1000,login,home
2025-07-06 01:14:23,1036,login,home
2025-07-06 01:14:54,1094,view,cart
2025-07-06 01:17:45,1058,view,cart
2025-07-06 01:18:13,1088,click,product
2025-07-06 01:19:13,1058,add_to_cart,cart
2025-07-06 01:19:35,1028,click,product
2025-07-06 01:19:40,1039,view,cart
2025-07-06 01:19:48,1022,login,home
2025-07-06 01:19:48,1073,login,home
2025-07-06 01:20:57,1063,login,home
2025-07-06 01:23:22,1031,login,home
2025-07-06 01:25:16,1076,logout,order_success
2025-07-06 01:25:35,1060,logout,checkout
2025-07-06 01:25:54,1000,click,product
2025-07-06 01:26:47,1074,login,home
2025-07-06 01:27:25,1047,login,home
2025-07-06 01:27:30,1024,view,order_success
2025-07-06 01:27:44,1046,order,order_success
2025-07-06 01:28:53,1047,order,order_success
2025-07-06 01:29:49,1056,login,home
2025-07-06 01:30:19,1068,login,home
2025-07-06 01:33:22,1073,view,product
2025-07-06 01:34:00,1058,add_to_cart,cart
2025-07-06 01:37:21,1024,click,product
2025-07-06 01:38:45,1036,login,home
2025-07-06 01:40:34,1036,login,home
2025-07-06 01:40:53,1068,view,search
2025-07-06 01:41:06,1087,order,order_success
2025-07-06 01:43:01,1096,login,home
2025-07-06 01:43:56,1011,login,home
2025-07-06 01:44:28,1019,login,home
2025-07-06 01:44:32,1055,click,product
2025-07-06 01:46:36,1068,click,product
2025-07-06 01:50:01,1055,click,product
2025-07-06 01:53:09,1072,view,order_success
2025-07-06 01:53:55,1060,click,product
2025-07-06 01:55:14,1091,login,home
2025-07-06 01:59:14,1088,add_to_cart,cart
2025-07-06 02:02:42,1029,view,search
2025-07-06 02:03:07,1067,login,home
2025-07-06 02:04:21,1036,click,product
2025-07-06 02:05:36,1050,login,home
2025-07-06 02:05:52,1081,login,home
2025-07-06 02:07:17,1082,add_to_cart,cart
2025-07-06 02:09:49,1035,view,checkout
2025-07-06 02:11:50,1023,click,product
2025-07-06 02:13:22,1096,click,product
2025-07-06 02:15:20,1050,add_to_cart,cart
2025-07-06 02:22:37,1060,add_to_cart,cart
2025-07-06 02:28:06,1018,click,product
2025-07-06 02:28:19,1076,view,checkout
2025-07-06 02:29:30,1052,click,product
2025-07-06 02:29:44,1058,order,order_success
2025-07-06 02:31:03,1025,logout,cart
2025-07-06 02:32:34,1023,click,product
2025-07-06 02:33:18,1025,view,checkout
2025-07-06 02:33:26,1045,click,product
2025-07-06 02:34:30,1016,view,home
2025-07-06 02:34:55,1024,view,home
2025-07-06 02:35:54,1082,login,home
2025-07-06 02:36:16,1022,view,cart
2025-07-06 02:40:50,1066,login,home
2025-07-06 02:40:57,1035,view,product
2025-07-06 02:41:51,1084,login,home
2025-07-06 02:42:28,1066,view,product
2025-07-06 02:43:30,1085,order,order_success
2025-07-06 02:44:45,1087,view,search
2025-07-06 02:49:21,1084,click,product
2025-07-06 02:50:24,1012,click,product
2025-07-06 02:52:02,1031,view,product
2025-07-06 02:52:34,1033,add_to_cart,cart
2025-07-06 02:53:15,1024,view,search
2025-07-06 02:54:01,1058,view,order_success
2025-07-06 02:55:05,1017,order,order_success
2025-07-06 02:56:26,1041,logout,search
2025-07-06 02:58:13,1072,view,product
2025-07-06 02:58:50,1059,view,search
2025-07-06 02:59:48,1029,login,home
2025-07-06 02:59:56,1059,view,product
2025-07-06 03:00:33,1059,view,cart
2025-07-06 03:03:42,1016,click,product
2025-07-06 03:04:06,1046,view,cart
2025-07-06 03:04:07,1003,click,product
2025-07-06 03:04:54,1018,add_to_cart,cart
2025-07-06 03:05:27,1036,click,product
2025-07-06 03:08:33,1000,add_to_cart,cart
2025-07-06 03:14:09,1020,login,home
2025-07-06 03:14:58,1087,login,home
2025-07-06 03:17:51,1020,logout,checkout
2025-07-06 03:19:13,1051,login,home
2025-07-06 03:21:28,1033,click,product
2025-07-06 03:23:10,1003,click,product
2025-07-06 03:25:47,1055,click,product
2025-07-06 03:28:50,1017,view,search
2025-07-06 03:29:22,1036,click,product
2025-07-06 03:31:58,1072,click,product
2025-07-06 03:32:26,1022,add_to_cart,cart
2025-07-06 03:34:44,1060,login,home
2025-07-06 03:36:18,1022,view,order_success
2025-07-06 03:37:14,1029,click,product
2025-07-06 03:40:00,1059,logout,home
2025-07-06 03:41:02,1052,view,product
2025-07-06 03:42:57,1065,click,product
2025-07-06 03:44:24,1060,logout,home
2025-07-06 03:44:46,1036,logout,order_success
2025-07-06 03:44:55,1023,view,cart
2025-07-06 03:47:32,1015,click,product
2025-07-06 03:47:45,1037,view,home
2025-07-06 03:48:01,1095,click,product
2025-07-06 03:48:28,1017,view,home
2025-07-06 03:49:20,1063,login,home
2025-07-06 03:49:26,1093,click,product
2025-07-06 03:50:41,1028,click,product
2025-07-06 03:51:56,1050,view,checkout
2025-07-06 03:54:09,1058,view,cart
2025-07-06 03:56:12,1003,login,home
2025-07-06 03:56:33,1091,view,search
2025-07-06 03:56:36,1082,view,home
2025-07-06 03:56:41,1000,view,product
2025-07-06 03:57:03,1025,click,product
2025-07-06 03:58:07,1045,view,product
2025-07-06 03:58:17,1097,click,product
2025-07-06 03:58:38,1080,view,product
2025-07-06 03:58:51,1029,add_to_cart,cart
2025-07-06 04:00:37,1000,add_to_cart,cart
2025-07-06 04:01:09,1065,click,product
2025-07-06 04:02:21,1028,order,order_success
2025-07-06 04:06:02,1056,logout,home
2025-07-06 04:07:17,1036,login,home
2025-07-06 04:10:16,1094,logout,cart
2025-07-06 04:11:51,1058,add_to_cart,cart
2025-07-06 04:13:18,1085,click,product
2025-07-06 04:13:31,1015,view,order_success
2025-07-06 04:15:07,1096,view,order_success
2025-07-06 04:19:36,1047,click,product
2025-07-06 04:20:45,1003,click,product
2025-07-06 04:22:17,1058,click,product
2025-07-06 04:22:51,1052,add_to_cart,cart
2025-07-06 04:24:53,1036,view,home
2025-07-06 04:25:51,1022,login,home
2025-07-06 04:31:15,1087,view,cart
2025-07-06 04:31:28,1093,view,search
2025-07-06 04:32:26,1015,login,home
2025-07-06 04:33:15,1064,view,order_success
2025-07-06 04:33:20,1042,click,product
2025-07-06 04:34:15,1037,logout,search
2025-07-06 04:38:57,1087,login,home
2025-07-06 04:40:14,1058,click,product
2025-07-06 04:41:04,1012,login,home
2025-07-06 04:41:05,1063,login,home
2025-07-06 04:41:54,1072,view,product
2025-07-06 04:42:41,1085,view,checkout
2025-07-06 04:43:02,1081,login,home
2025-07-06 04:44:18,1096,logout,product
2025-07-06 04:46:10,1007,click,product
2025-07-06 04:49:43,1069,add_to_cart,cart
2025-07-06 04:52:10,1036,login,home
2025-07-06 04:53:04,1060,view,cart
2025-07-06 04:54:20,1064,order,order_success
2025-07-06 04:55:26,1072,click,product
2025-07-06 04:57:10,1063,add_to_cart,cart
2025-07-06 05:01:19,1059,click,product
2025-07-06 05:02:09,1041,view,product
2025-07-06 05:03:07,1056,view,cart
2025-07-06 05:03:52,1022,add_to_cart,cart
2025-07-06 05:09:17,1094,add_to_cart,cart
2025-07-06 05:10:23,1047,logout,order_success
2025-07-06 05:12:46,1067,add_to_cart,cart
2025-07-06 05:14:58,1033,add_to_cart,cart
2025-07-06 05:15:23,1000,view,home
2025-07-06 05:17:40,1096,click,product
2025-07-06 05:18:09,1076,click,product
2025-07-06 05:18:49,1018,login,home
2025-07-06 05:20:24,1035,view,checkout
2025-07-06 05:20:37,1018,click,product
2025-07-06 05:20:37,1022,view,home
2025-07-06 05:23:36,1088,order,order_success
2025-07-06 05:24:44,1058,click,product
2025-07-06 05:26:48,1072,order,order_success
2025-07-06 05:29:50,1045,order,order_success
2025-07-06 05:30:29,1059,click,product
2025-07-06 05:35:45,1060,login,home
2025-07-06 05:35:52,1065,login,home
2025-07-06 05:36:25,1035,click,product
2025-07-06 05:38:03,1033,click,product
2025-07-06 05:41:48,1069,click,product
2025-07-06 05:46:09,1037,view,search
2025-07-06 05:46:54,1050,login,home
2025-07-06 05:49:23,1074,add_to_cart,cart
2025-07-06 05:49:39,1091,click,product
2025-07-06 05:49:50,1020,add_to_cart,cart
2025-07-06 05:50:29,1066,add_to_cart,cart
2025-07-06 05:50:30,1036,view,order_success
2025-07-06 05:51:02,1032,view,checkout
2025-07-06 05:54:27,1058,view,cart
2025-07-06 05:55:28,1017,view,checkout
2025-07-06 05:56:43,1024,login,home
2025-07-06 05:58:38,1081,view,search
2025-07-06 05:58:53,1029,logout,product
2025-07-06 05:59:03,1091,add_to_cart,cart
2025-07-06 06:01:34,1042,add_to_cart,cart
2025-07-06 06:04:05,1073,login,home
2025-07-06 06:04:18,1088,login,home
2025-07-06 06:06:11,1063,add_to_cart,cart
2025-07-06 06:09:07,1080,login,home
2025-07-06 06:10:12,1036,order,order_success
2025-07-06 06:13:41,1036,view,cart
2025-07-06 06:16:02,1031,view,order_success
2025-07-06 06:16:07,1074,view,home
2025-07-06 06:17:05,1035,click,product
2025-07-06 06:17:20,1063,add_to_cart,cart
2025-07-06 06:18:06,1065,view,checkout
2025-07-06 06:20:12,1069,login,home
2025-07-06 06:21:47,1034,login,home
2025-07-06 06:22:14,1046,view,home
2025-07-06 06:23:22,1022,view,checkout
2025-07-06 06:25:08,1087,order,order_success
2025-07-06 06:27:16,1023,click,product
2025-07-06 06:28:35,1003,click,product
2025-07-06 06:28:45,1042,view,order_success
2025-07-06 06:30:17,1058,click,product
2025-07-06 06:30:22,1017,click,product
2025-07-06 06:30:50,1000,login,home
2025-07-06 06:31:41,1072,view,cart
2025-07-06 06:33:08,1096,order,order_success
2025-07-06 06:33:10,1031,click,product
2025-07-06 06:34:07,1063,view,home
2025-07-06 06:36:05,1044,view,search
2025-07-06 06:36:46,1022,login,home
2025-07-06 06:37:21,1050,click,product
2025-07-06 06:38:11,1011,click,product
2025-07-06 06:44:45,1065,order,order_success
2025-07-06 06:49:05,1046,order,order_success
2025-07-06 06:49:08,1033,login,home
2025-07-06 06:50:07,1017,click,product
2025-07-06 06:54:52,1033,view,cart
2025-07-06 06:55:42,1072,view,order_success
2025-07-06 06:56:35,1072,view,cart
2025-07-06 06:57:31,1063,login,home
2025-07-06 06:57:31,1097,login,home
2025-07-06 06:59:02,1003,order,order_success
2025-07-06 07:00:23,1031,view,cart
2025-07-06 07:01:54,1031,login,home
2025-07-06 07:04:08,1017,view,cart
2025-07-06 07:07:16,1096,order,order_success
2025-07-06 07:07:40,1082,view,search
2025-07-06 07:10:07,1064,click,product
2025-07-06 07:12:33,1094,view,search
2025-07-06 07:13:19,1064,click,product
2025-07-06 07:14:07,1091,login,home
2025-07-06 07:14:09,1081,logout,checkout
2025-07-06 07:14:12,1031,click,product
2025-07-06 07:14:25,1065,logout,cart
2025-07-06 07:15:44,1096,view,checkout
2025-07-06 07:15:51,1091,view,checkout
2025-07-06 07:16:28,1076,click,product
2025-07-06 07:19:15,1084,order,order_success
2025-07-06 07:20:28,1076,login,home
2025-07-06 07:21:39,1023,add_to_cart,cart
2025-07-06 07:21:44,1055,order,order_success
2025-07-06 07:26:07,1059,view,product
2025-07-06 07:27:58,1084,logout,search
2025-07-06 07:29:19,1085,view,cart
2025-07-06 07:29:44,1051,login,home
2025-07-06 07:36:31,1060,click,product
2025-07-06 07:36:31,1031,view,checkout
2025-07-06 07:38:16,1020,click,product
2025-07-06 07:39:25,1042,click,product
2025-07-06 07:40:19,1031,login,home
2025-07-06 07:40:19,1060,click,product
2025-07-06 07:41:59,1036,login,home
2025-07-06 07:42:08,1085,click,product
2025-07-06 07:42:13,1087,click,product
2025-07-06 07:42:17,1035,login,home
2025-07-06 07:43:19,1063,view,home
2025-07-06 07:45:12,1024,login,home
2025-07-06 07:45:37,1060,login,home
2025-07-06 07:49:16,1007,click,product
2025-07-06 07:49:45,1018,view,home
2025-07-06 07:51:42,1032,login,home
2025-07-06 07:53:22,1080,login,home
2025-07-06 07:53:40,1024,add_to_cart,cart
2025-07-06 07:56:13,1015,order,order_success
2025-07-06 07:58:17,1033,click,product
2025-07-06 07:58:42,1029,login,home
2025-07-06 07:59:13,1023,view,product
2025-07-06 08:01:49,1063,add_to_cart,cart
2025-07-06 08:04:26,1012,click,product
2025-07-06 08:05:18,1028,order,order_success
2025-07-06 08:05:43,1024,click,product
2025-07-06 08:07:05,1069,login,home
2025-07-06 08:07:37,1033,order,order_success
2025-07-06 08:07:53,1062,order,order_success
2025-07-06 08:08:40,1068,click,product
2025-07-06 08:09:03,1018,view,product
2025-07-06 08:13:26,1018,view,order_success
2025-07-06 08:15:01,1060,view,checkout
2025-07-06 08:17:03,1084,login,home
2025-07-06 08:17:09,1034,add_to_cart,cart
2025-07-06 08:18:05,1072,view,home
2025-07-06 08:19:02,1041,view,product
2025-07-06 08:20:59,1058,click,product
2025-07-06 08:23:52,1055,view,home
2025-07-06 08:24:00,1036,add_to_cart,cart
2025-07-06 08:24:09,1063,add_to_cart,cart
2025-07-06 08:25:56,1018,logout,product
2025-07-06 08:26:21,1091,login,home
2025-07-06 08:26:47,1068,add_to_cart,cart
2025-07-06 08:28:49,1076,view,search
2025-07-06 08:29:39,1060,click,product
2025-07-06 08:29:42,1084,click,product
2025-07-06 08:32:01,1023,view,product
2025-07-06 08:34:21,1017,login,home
2025-07-06 08:35:25,1076,view,order_success
2025-07-06 08:36:41,1047,view,cart
2025-07-06 08:37:56,1088,add_to_cart,cart
2025-07-06 08:40:08,1074,view,search
2025-07-06 08:40:51,1012,login,home
2025-07-06 08:41:16,1096,add_to_cart,cart
2025-07-06 08:43:51,1036,click,product
2025-07-06 08:44:49,1024,login,home
2025-07-06 08:45:19,1036,click,product
2025-07-06 08:47:44,1003,login,home
2025-07-06 08:48:24,1020,view,product
2025-07-06 08:48:48,1072,add_to_cart,cart
2025-07-06 08:49:05,1093,order,order_success
2025-07-06 08:51:07,1037,click,product
2025-07-06 08:51:21,1069,click,product
2025-07-06 08:51:33,1052,login,home
2025-07-06 08:52:12,1031,order,order_success
2025-07-06 08:52:18,1055,add_to_cart,cart
2025-07-06 08:52:52,1019,add_to_cart,cart
2025-07-06 08:53:20,1007,click,product
2025-07-06 08:55:26,1094,click,product
2025-07-06 08:59:04,1018,view,product
2025-07-06 09:00:20,1082,view,cart
2025-07-06 09:02:53,1035,click,product
2025-07-06 09:06:46,1066,logout,checkout
2025-07-06 09:07:56,1039,view,home
2025-07-06 09:07:57,1065,login,home
2025-07-06 09:08:44,1058,add_to_cart,cart
2025-07-06 09:09:19,1018,login,home
2025-07-06 09:11:10,1003,click,product
2025-07-06 09:11:15,1072,view,cart
2025-07-06 09:15:10,1039,view,order_success
2025-07-06 09:16:31,1039,click,product
2025-07-06 09:18:56,1076,logout,order_success
2025-07-06 09:19:15,1050,login,home
2025-07-06 09:25:37,1031,order,order_success
2025-07-06 09:27:43,1012,click,product
2025-07-06 09:29:21,1036,login,home
2025-07-06 09:31:05,1085,click,product
2025-07-06 09:31:10,1045,order,order_success
2025-07-06 09:31:14,1067,click,product
2025-07-06 09:32:01,1035,click,product
2025-07-06 09:32:14,1052,view,order_success
2025-07-06 09:33:11,1033,view,product
2025-07-06 09:33:50,1084,order,order_success
2025-07-06 09:34:10,1056,view,product
2025-07-06 09:34:24,1041,add_to_cart,cart
2025-07-06 09:36:11,1060,view,home
2025-07-06 09:36:27,1025,logout,order_success
2025-07-06 09:38:11,1000,view,cart
2025-07-06 09:38:19,1036,order,order_success
2025-07-06 09:38:35,1073,click,product
2025-07-06 09:39:34,1045,order,order_success
2025-07-06 09:41:15,1055,click,product
2025-07-06 09:42:46,1024,login,home
2025-07-06 09:43:48,1074,click,product
2025-07-06 09:44:22,1036,click,product
2025-07-06 09:45:37,1031,add_to_cart,cart
2025-07-06 09:46:08,1016,click,product
2025-07-06 09:46:20,1093,login,home
2025-07-06 09:53:02,1081,add_to_cart,cart
2025-07-06 09:53:38,1055,view,search
2025-07-06 09:54:04,1023,login,home
2025-07-06 09:57:59,1050,add_to_cart,cart
2025-07-06 09:58:00,1091,click,product
2025-07-06 10:00:50,1020,view,home
2025-07-06 10:01:52,1059,add_to_cart,cart
2025-07-06 10:03:06,1023,view,cart
2025-07-06 10:04:13,1091,order,order_success
2025-07-06 10:08:38,1060,order,order_success
2025-07-06 10:09:55,1035,click,product
2025-07-06 10:09:56,1023,click,product
2025-07-06 10:10:00,1015,logout,cart
2025-07-06 10:16:04,1015,click,product
2025-07-06 10:16:28,1065,view,cart
2025-07-06 10:17:42,1091,click,product
2025-07-06 10:18:04,1095,login,home
2025-07-06 10:19:33,1065,view,order_success
2025-07-06 10:20:11,1036,view,product
2025-07-06 10:20:15,1074,view,cart
2025-07-06 10:21:50,1035,login,home
2025-07-06 10:22:28,1095,click,product
2025-07-06 10:22:37,1031,view,checkout
2025-07-06 10:25:04,1018,logout,order_success
2025-07-06 10:25:35,1055,view,cart
2025-07-06 10:27:44,1015,order,order_success
2025-07-06 10:28:17,1011,logout,order_success
2025-07-06 10:28:33,1073,login,home
2025-07-06 10:28:34,1060,click,product
2025-07-06 10:29:00,1031,view,cart
2025-07-06 10:30:12,1076,click,product
2025-07-06 10:31:43,1023,login,home
2025-07-06 10:32:01,1059,add_to_cart,cart
2025-07-06 10:32:31,1039,login,home
2025-07-06 10:37:49,1033,view,home
2025-07-06 10:37:56,1031,login,home
2025-07-06 10:38:57,1064,logout,checkout
2025-07-06 10:40:29,1052,add_to_cart,cart
2025-07-06 10:41:22,1059,view,search
2025-07-06 10:45:14,1018,view,product
2025-07-06 10:45:21,1050,view,checkout
2025-07-06 10:46:26,1032,add_to_cart,cart
2025-07-06 10:46:42,1017,login,home
2025-07-06 10:47:37,1029,add_to_cart,cart
2025-07-06 10:48:27,1003,view,search
2025-07-06 10:49:51,1046,click,product
2025-07-06 10:52:44,1020,logout,home
2025-07-06 10:53:05,1062,login,home
2025-07-06 10:53:32,1080,login,home
2025-07-06 10:53:49,1055,view,home
2025-07-06 10:53:57,1064,logout,order_success
2025-07-06 10:56:24,1024,click,product
2025-07-06 10:57:12,1003,view,home
2025-07-06 11:03:21,1091,view,search
2025-07-06 11:03:54,1091,click,product
2025-07-06 11:07:21,1085,click,product
2025-07-06 11:08:36,1050,logout,home
2025-07-06 11:08:40,1072,view,order_success
2025-07-06 11:15:49,1065,view,home
2025-07-06 11:15:54,1033,login,home
2025-07-06 11:15:56,1046,add_to_cart,cart
2025-07-06 11:16:52,1059,view,search
2025-07-06 11:18:20,1046,order,order_success
2025-07-06 11:19:30,1081,view,cart
2025-07-06 11:22:28,1031,view,home
2025-07-06 11:23:44,1036,login,home
2025-07-06 11:25:26,1065,login,home
2025-07-06 11:25:46,1081,logout,home
2025-07-06 11:25:55,1076,view,cart
2025-07-06 11:26:32,1012,click,product
2025-07-06 11:28:05,1081,view,product
2025-07-06 11:28:22,1025,view,product
2025-07-06 11:29:08,1058,click,product
2025-07-06 11:30:08,1023,click,product
2025-07-06 11:30:46,1039,view,checkout
2025-07-06 11:32:31,1062,click,product
2025-07-06 11:39:01,1035,click,product
2025-07-06 11:40:25,1016,view,home
2025-07-06 11:41:10,1022,view,order_success
2025-07-06 11:44:29,1068,click,product
2025-07-06 11:44:39,1076,view,home
2025-07-06 11:44:56,1065,order,order_success
2025-07-06 11:47:58,1080,view,home
2025-07-06 11:49:00,1060,login,home
2025-07-06 11:50:38,1012,login,home
2025-07-06 11:52:48,1058,add_to_cart,cart
2025-07-06 11:54:25,1022,login,home
2025-07-06 11:56:50,1015,order,order_success
2025-07-06 11:57:33,1015,order,order_success
2025-07-06 11:59:10,1028,login,home
2025-07-06 12:00:30,1023,login,home
2025-07-06 12:00:42,1084,view,cart
2025-07-06 12:01:56,1029,view,cart
2025-07-06 12:03:41,1094,login,home
2025-07-06 12:04:15,1024,click,product
2025-07-06 12:04:34,1093,view,checkout
2025-07-06 12:06:12,1036,add_to_cart,cart
2025-07-06 12:08:21,1085,order,order_success
2025-07-06 12:08:47,1058,view,order_success
2025-07-06 12:11:01,1080,view,checkout
2025-07-06 12:11:59,1051,logout,product
2025-07-06 12:13:56,1095,view,checkout
2025-07-06 12:15:02,1081,order,order_success
2025-07-06 12:16:44,1003,view,checkout
2025-07-06 12:18:40,1059,view,order_success
2025-07-06 12:19:22,1029,click,product
2025-07-06 12:20:21,1000,login,home
2025-07-06 12:22:05,1035,click,product
2025-07-06 12:22:13,1033,click,product
2025-07-06 12:22:31,1036,order,order_success
2025-07-06 12:26:53,1074,login,home
2025-07-06 12:27:41,1060,view,order_success
2025-07-06 12:28:36,1019,order,order_success
2025-07-06 12:29:55,1095,click,product
2025-07-06 12:30:33,1062,view,checkout
2025-07-06 12:31:47,1085,click,product
2025-07-06 12:32:55,1096,click,product
2025-07-06 12:33:21,1029,view,cart
2025-07-06 12:34:42,1039,click,product
2025-07-06 12:34:56,1065,view,order_success
2025-07-06 12:36:46,1018,view,order_success
2025-07-06 12:37:10,1059,click,product
2025-07-06 12:39:37,1076,add_to_cart,cart
2025-07-06 12:40:04,1022,view,product
2025-07-06 12:40:43,1039,view,search
2025-07-06 12:46:07,1068,click,product
2025-07-06 12:46:10,1045,login,home
2025-07-06 12:47:00,1000,order,order_success
2025-07-06 12:47:35,1029,login,home
2025-07-06 12:47:39,1015,order,order_success
2025-07-06 12:49:46,1072,logout,order_success
2025-07-06 12:50:08,1051,click,product
2025-07-06 12:50:48,1065,view,search
2025-07-06 12:58:21,1064,click,product
2025-07-06 12:58:30,1065,click,product
2025-07-06 12:59:43,1081,view,cart
2025-07-06 13:01:08,1046,order,order_success
2025-07-06 13:03:33,1062,click,product
2025-07-06 13:03:35,1066,click,product
2025-07-06 13:04:13,1027,click,product
2025-07-06 13:06:51,1072,logout,home
2025-07-06 13:08:02,1068,view,product
2025-07-06 13:11:58,1024,click,product
2025-07-06 13:12:01,1037,click,product
2025-07-06 13:12:09,1024,click,product
2025-07-06 13:12:51,1042,order,order_success
2025-07-06 13:13:00,1012,click,product
2025-07-06 13:15:14,1037,logout,cart
2025-07-06 13:15:22,1003,login,home
2025-07-06 13:15:46,1081,order,order_success
2025-07-06 13:16:05,1018,login,home
2025-07-06 13:16:37,1051,order,order_success
2025-07-06 13:18:57,1063,order,order_success
2025-07-06 13:20:02,1094,view,order_success
2025-07-06 13:26:20,1055,logout,product
2025-07-06 13:27:14,1084,view,cart
2025-07-06 13:27:35,1015,click,product
2025-07-06 13:28:03,1036,click,product
2025-07-06 13:28:18,1036,login,home
2025-07-06 13:29:50,1031,order,order_success
2025-07-06 13:30:27,1068,login,home
2025-07-06 13:35:10,1025,add_to_cart,cart
2025-07-06 13:39:14,1058,view,product
2025-07-06 13:39:34,1068,view,home
2025-07-06 13:39:48,1072,click,product
2025-07-06 13:44:26,1037,view,product
2025-07-06 13:44:52,1081,view,home
2025-07-06 13:47:16,1091,add_to_cart,cart
2025-07-06 13:47:29,1068,add_to_cart,cart
2025-07-06 13:47:59,1036,add_to_cart,cart
2025-07-06 13:49:23,1031,login,home
2025-07-06 13:50:31,1082,click,product
2025-07-06 13:52:22,1023,add_to_cart,cart
2025-07-06 13:54:47,1076,view,search
2025-07-06 13:58:02,1003,login,home
2025-07-06 14:00:07,1066,view,order_success
2025-07-06 14:03:32,1018,click,product
2025-07-06 14:08:06,1058,logout,search
2025-07-06 14:08:35,1016,login,home
2025-07-06 14:08:57,1036,order,order_success
2025-07-06 14:08:57,1036,click,product
2025-07-06 14:10:32,1056,login,home
2025-07-06 14:11:10,1065,order,order_success
2025-07-06 14:17:47,1015,view,checkout
2025-07-06 14:18:39,1084,view,cart
2025-07-06 14:22:43,1093,login,home
2025-07-06 14:26:28,1063,view,search
2025-07-06 14:28:49,1015,view,search
2025-07-06 14:29:15,1024,click,product
2025-07-06 14:31:39,1037,login,home
2025-07-06 14:34:21,1018,logout,order_success
2025-07-06 14:35:15,1085,order,order_success
2025-07-06 14:37:16,1096,logout,home
2025-07-06 14:41:22,1000,view,cart
2025-07-06 14:42:48,1058,view,product
2025-07-06 14:44:34,1011,click,product
2025-07-06 14:46:22,1031,login,home
2025-07-06 14:46:54,1085,view,cart
2025-07-06 14:50:00,1039,view,product
2025-07-06 14:52:02,1003,view,search
2025-07-06 14:53:46,1052,add_to_cart,cart
2025-07-06 14:55:42,1016,order,order_success
2025-07-06 14:56:03,1067,view,checkout
2025-07-06 14:57:46,1023,view,checkout
2025-07-06 14:57:48,1085,view,home
2025-07-06 14:59:42,1003,view,home
2025-07-06 15:01:24,1085,click,product
2025-07-06 15:01:43,1073,click,product
2025-07-06 15:03:54,1012,login,home
2025-07-06 15:05:30,1055,view,product
2025-07-06 15:06:10,1084,click,product
2025-07-06 15:06:30,1036,order,order_success
2025-07-06 15:07:57,1031,click,product
2025-07-06 15:08:08,1022,view,checkout
2025-07-06 15:08:16,1059,view,product
2025-07-06 15:09:25,1032,logout,checkout
2025-07-06 15:09:26,1063,click,product
2025-07-06 15:10:59,1031,click,product
2025-07-06 15:12:19,1015,view,home
2025-07-06 15:13:01,1023,login,home
2025-07-06 15:13:08,1072,click,product
2025-07-06 15:13:37,1016,click,product
2025-07-06 15:14:31,1037,click,product
2025-07-06 15:16:07,1003,add_to_cart,cart
2025-07-06 15:19:15,1031,order,order_success
2025-07-06 15:21:14,1019,view,checkout
2025-07-06 15:25:49,1035,login,home
2025-07-06 15:28:48,1003,view,checkout
2025-07-06 15:31:28,1058,login,home
2025-07-06 15:31:43,1033,view,cart
2025-07-06 15:32:46,1047,logout,order_success
2025-07-06 15:33:21,1031,order,order_success
2025-07-06 15:33:33,1007,click,product
2025-07-06 15:36:04,1067,login,home
2025-07-06 15:38:43,1063,add_to_cart,cart
2025-07-06 15:39:28,1059,view,cart
2025-07-06 15:39:49,1084,view,search
2025-07-06 15:40:53,1039,login,home
2025-07-06 15:41:35,1037,view,search
2025-07-06 15:43:01,1036,view,search
2025-07-06 15:44:56,1024,login,home
2025-07-06 15:46:52,1068,view,product
2025-07-06 15:47:26,1015,login,home
2025-07-06 15:49:08,1033,order,order_success
2025-07-06 15:51:11,1015,order,order_success
2025-07-06 15:51:37,1068,order,order_success
2025-07-06 15:51:41,1081,add_to_cart,cart
2025-07-06 15:53:06,1012,add_to_cart,cart
2025-07-06 15:54:48,1097,click,product
2025-07-06 15:55:36,1036,view,checkout
2025-07-06 16:01:00,1056,view,product
2025-07-06 16:01:10,1094,add_to_cart,cart
2025-07-06 16:01:38,1067,view,checkout
2025-07-06 16:01:51,1065,add_to_cart,cart
2025-07-06 16:03:00,1097,add_to_cart,cart
2025-07-06 16:07:02,1096,click,product
2025-07-06 16:08:59,1024,view,cart
2025-07-06 16:11:28,1036,logout,cart
2025-07-06 16:11:37,1036,order,order_success
2025-07-06 16:11:58,1003,login,home
2025-07-06 16:12:47,1066,view,home
2025-07-06 16:13:28,1088,logout,order_success
2025-07-06 16:14:31,1003,order,order_success
2025-07-06 16:16:44,1063,click,product
2025-07-06 16:18:32,1031,click,product
2025-07-06 16:18:34,1031,view,order_success
2025-07-06 16:19:17,1023,view,checkout
2025-07-06 16:23:38,1088,add_to_cart,cart
2025-07-06 16:26:00,1037,click,product
2025-07-06 16:27:53,1036,login,home
2025-07-06 16:29:01,1063,view,order_success
2025-07-06 16:29:53,1069,login,home
2025-07-06 16:30:28,1088,login,home
2025-07-06 16:31:54,1023,click,product
2025-07-06 16:32:28,1050,add_to_cart,cart
2025-07-06 16:33:32,1072,view,home
2025-07-06 16:38:27,1047,add_to_cart,cart
2025-07-06 16:39:02,1037,view,order_success
2025-07-06 16:42:24,1095,view,home
2025-07-06 16:46:04,1024,click,product
2025-07-06 16:46:37,1036,click,product
2025-07-06 16:46:47,1029,view,search
2025-07-06 16:48:29,1017,login,home
2025-07-06 16:49:02,1063,order,order_success
2025-07-06 16:49:51,1093,order,order_success
2025-07-06 16:49:55,1074,login,home
2025-07-06 16:50:40,1047,add_to_cart,cart
2025-07-06 16:52:02,1015,view,product
2025-07-06 16:53:40,1036,login,home
2025-07-06 16:57:32,1065,click,product
2025-07-06 17:01:44,1020,view,order_success
2025-07-06 17:02:23,1067,login,home
2025-07-06 17:04:46,1056,view,search
2025-07-06 17:08:53,1065,view,cart
2025-07-06 17:08:58,1003,view,order_success
2025-07-06 17:09:35,1003,view,checkout
2025-07-06 17:10:40,1082,order,order_success
2025-07-06 17:12:32,1064,login,home
2025-07-06 17:15:07,1056,view,home
2025-07-06 17:15:30,1067,view,order_success
2025-07-06 17:15:53,1085,view,home
2025-07-06 17:16:26,1024,view,checkout
2025-07-06 17:19:40,1047,click,product
2025-07-06 17:19:41,1051,view,checkout
2025-07-06 17:20:23,1047,click,product
2025-07-06 17:23:49,1031,login,home
2025-07-06 17:24:26,1023,view,checkout
2025-07-06 17:25:11,1036,login,home
2025-07-06 17:28:09,1084,click,product
2025-07-06 17:29:21,1015,click,product
2025-07-06 17:32:40,1044,view,cart
2025-07-06 17:39:50,1029,view,home
2025-07-06 17:39:56,1084,view,order_success
2025-07-06 17:42:48,1084,view,cart
2025-07-06 17:43:55,1094,view,home
2025-07-06 17:45:02,1091,login,home
2025-07-06 17:47:51,1019,view,search
2025-07-06 17:48:07,1023,view,product
2025-07-06 17:48:18,1034,view,search
2025-07-06 17:48:47,1029,view,search
2025-07-06 17:49:27,1023,order,order_success
2025-07-06 17:49:48,1035,view,product
2025-07-06 17:52:13,1065,click,product
2025-07-06 17:52:26,1060,click,product
2025-07-06 17:52:37,1068,view,home
2025-07-06 17:55:35,1024,click,product
2025-07-06 17:56:23,1055,login,home
2025-07-06 17:57:13,1059,login,home
2025-07-06 17:57:30,1031,click,product
2025-07-06 17:59:05,1036,click,product
2025-07-06 18:04:43,1095,logout,checkout
2025-07-06 18:06:13,1036,click,product
2025-07-06 18:06:39,1084,login,home
2025-07-06 18:08:01,1081,add_to_cart,cart
2025-07-06 18:08:30,1031,login,home
2025-07-06 18:17:56,1082,logout,cart
2025-07-06 18:17:56,1080,logout,order_success
2025-07-06 18:21:24,1003,logout,cart
2025-07-06 18:22:12,1063,add_to_cart,cart
2025-07-06 18:23:45,1029,add_to_cart,cart
2025-07-06 18:24:30,1031,view,home
2025-07-06 18:27:31,1091,view,home
2025-07-06 18:27:33,1031,view,search
2025-07-06 18:28:09,1065,click,product
2025-07-06 18:28:13,1055,view,order_success
2025-07-06 18:28:29,1007,click,product
2025-07-06 18:29:36,1033,add_to_cart,cart
2025-07-06 18:31:22,1058,login,home
2025-07-06 18:34:29,1056,login,home
2025-07-06 18:34:44,1027,view,home
2025-07-06 18:35:49,1072,click,product
2025-07-06 18:40:59,1050,click,product
2025-07-06 18:41:19,1055,view,home
2025-07-06 18:41:26,1015,add_to_cart,cart
2025-07-06 18:41:46,1094,click,product
2025-07-06 18:41:57,1055,view,cart
2025-07-06 18:45:01,1047,click,product
2025-07-06 18:47:35,1095,login,home
2025-07-06 18:49:31,1016,view,cart
2025-07-06 18:52:31,1088,add_to_cart,cart
2025-07-06 18:53:57,1094,order,order_success
2025-07-06 18:54:08,1059,click,product
2025-07-06 18:54:11,1065,add_to_cart,cart
2025-07-06 18:54:42,1097,add_to_cart,cart
2025-07-06 18:55:50,1058,view,product
2025-07-06 18:58:44,1052,login,home
2025-07-06 18:59:17,1035,view,checkout
2025-07-06 19:01:18,1091,add_to_cart,cart
2025-07-06 19:01:41,1051,click,product
2025-07-06 19:02:50,1031,view,checkout
2025-07-06 19:04:34,1080,view,search
2025-07-06 19:06:22,1097,order,order_success
2025-07-06 19:06:40,1037,click,product
2025-07-06 19:07:20,1056,view,cart
2025-07-06 19:07:45,1068,login,home
2025-07-06 19:11:52,1015,login,home
2025-07-06 19:12:39,1081,login,home
2025-07-06 19:14:05,1066,view,cart
2025-07-06 19:16:26,1012,view,product
2025-07-06 19:17:09,1041,view,product
2025-07-06 19:17:28,1032,view,cart
2025-07-06 19:19:10,1039,add_to_cart,cart
2025-07-06 19:20:38,1036,click,product
2025-07-06 19:22:09,1066,order,order_success
2025-07-06 19:22:59,1067,login,home
2025-07-06 19:23:35,1068,login,home
2025-07-06 19:23:43,1032,login,home
2025-07-06 19:27:44,1068,login,home
2025-07-06 19:28:21,1041,view,order_success
2025-07-06 19:34:16,1035,view,search
2025-07-06 19:37:59,1072,order,order_success
2025-07-06 19:42:04,1037,view,checkout
2025-07-06 19:42:59,1031,view,search
2025-07-06 19:43:35,1015,click,product
2025-07-06 19:43:52,1017,view,search
2025-07-06 19:46:00,1076,view,checkout
2025-07-06 19:46:12,1029,click,product
2025-07-06 19:48:51,1094,order,order_success
2025-07-06 19:49:29,1018,order,order_success
2025-07-06 19:50:15,1029,view,order_success
2025-07-06 19:50:27,1055,add_to_cart,cart
2025-07-06 19:52:01,1035,order,order_success
2025-07-06 19:53:11,1091,click,product
2025-07-06 19:55:49,1036,order,order_success
2025-07-06 19:57:34,1085,order,order_success
2025-07-06 19:58:42,1060,add_to_cart,cart
2025-07-06 19:59:54,1022,login,home
2025-07-06 20:00:36,1031,order,order_success
2025-07-06 20:00:40,1063,login,home
2025-07-06 20:00:54,1028,order,order_success
2025-07-06 20:02:38,1039,view,home
2025-07-06 20:05:21,1046,click,product
2025-07-06 20:05:40,1094,order,order_success
2025-07-06 20:06:30,1018,order,order_success
2025-07-06 20:07:42,1020,login,home
2025-07-06 20:11:27,1081,logout,search
2025-07-06 20:18:10,1024,click,product
2025-07-06 20:18:44,1082,click,product
2025-07-06 20:19:05,1068,click,product
2025-07-06 20:20:12,1036,logout,checkout
2025-07-06 20:22:06,1015,view,order_success
2025-07-06 20:23:02,1037,login,home
2025-07-06 20:25:19,1069,logout,order_success
2025-07-06 20:26:46,1039,logout,product
2025-07-06 20:27:21,1085,view,cart
2025-07-06 20:27:41,1091,add_to_cart,cart
2025-07-06 20:27:46,1046,click,product
2025-07-06 20:29:41,1060,view,cart
2025-07-06 20:30:00,1024,order,order_success
2025-07-06 20:30:41,1029,click,product
2025-07-06 20:32:16,1039,logout,order_success
2025-07-06 20:34:31,1037,view,product
2025-07-06 20:38:07,1034,view,cart
2025-07-06 20:40:57,1017,click,product
2025-07-06 20:45:58,1097,click,product
2025-07-06 20:48:13,1055,view,search
2025-07-06 20:48:33,1029,view,cart
2025-07-06 20:50:01,1042,login,home
2025-07-06 20:51:22,1029,add_to_cart,cart
2025-07-06 20:51:31,1015,click,product
2025-07-06 20:55:09,1067,add_to_cart,cart
2025-07-06 20:55:58,1068,login,home
2025-07-06 20:57:02,1055,view,checkout
2025-07-06 20:57:08,1016,login,home
2025-07-06 21:01:25,1088,click,product
2025-07-06 21:01:41,1023,login,home
2025-07-06 21:03:12,1035,view,checkout
2025-07-06 21:05:05,1023,view,checkout
2025-07-06 21:05:31,1065,view,order_success
2025-07-06 21:05:54,1036,login,home
2025-07-06 21:06:11,1087,click,product
2025-07-06 21:06:37,1012,view,search
2025-07-06 21:06:43,1003,click,product
2025-07-06 21:06:51,1027,click,product
2025-07-06 21:07:08,1012,login,home
2025-07-06 21:08:35,1085,view,order_success
2025-07-06 21:10:14,1084,view,checkout
2025-07-06 21:12:41,1091,view,checkout
2025-07-06 21:14:08,1037,add_to_cart,cart
2025-07-06 21:15:21,1084,login,home
2025-07-06 21:17:47,1034,view,home
2025-07-06 21:18:31,1076,view,search
2025-07-06 21:19:16,1022,click,product
2025-07-06 21:19:27,1060,add_to_cart,cart
2025-07-06 21:19:52,1084,order,order_success
2025-07-06 21:21:45,1028,view,order_success
2025-07-06 21:26:39,1060,logout,home
2025-07-06 21:27:24,1019,add_to_cart,cart
2025-07-06 21:27:28,1031,order,order_success
2025-07-06 21:27:44,1062,view,cart
2025-07-06 21:27:52,1015,logout,home
2025-07-06 21:29:44,1065,click,product
2025-07-06 21:30:42,1051,add_to_cart,cart
2025-07-06 21:30:55,1036,view,product
2025-07-06 21:30:56,1042,click,product
2025-07-06 21:31:05,1052,add_to_cart,cart
2025-07-06 21:32:14,1097,click,product
2025-07-06 21:32:19,1039,click,product
2025-07-06 21:32:41,1011,order,order_success
2025-07-06 21:37:43,1064,logout,order_success
2025-07-06 21:37:45,1003,click,product
2025-07-06 21:38:29,1023,view,cart
2025-07-06 21:39:15,1072,order,order_success
2025-07-06 21:42:08,1020,login,home
2025-07-06 21:44:36,1035,order,order_success
2025-07-06 21:45:07,1032,add_to_cart,cart
2025-07-06 21:48:04,1018,view,product
2025-07-06 21:48:20,1017,login,home
2025-07-06 21:48:34,1076,order,order_success
2025-07-06 21:50:39,1011,view,order_success
2025-07-06 21:53:33,1063,order,order_success
2025-07-06 21:53:49,1007,view,checkout
2025-07-06 21:53:53,1091,login,home
2025-07-06 21:59:34,1034,login,home
2025-07-06 22:01:35,1024,click,product
2025-07-06 22:02:46,1052,view,product
2025-07-06 22:03:04,1045,view,home
2025-07-06 22:03:33,1022,view,home
2025-07-06 22:04:16,1036,view,search
2025-07-06 22:04:57,1094,order,order_success
2025-07-06 22:05:40,1094,view,product
2025-07-06 22:06:00,1063,click,product
2025-07-06 22:07:24,1046,click,product
2025-07-06 22:07:25,1069,logout,cart
2025-07-06 22:07:57,1003,order,order_success
2025-07-06 22:08:08,1093,view,cart
2025-07-06 22:10:41,1059,logout,product
2025-07-06 22:12:34,1035,order,order_success
2025-07-06 22:15:15,1056,view,cart
2025-07-06 22:15:38,1003,view,product
2025-07-06 22:16:19,1019,order,order_success
2025-07-06 22:17:30,1003,view,home
2025-07-06 22:18:17,1081,order,order_success
2025-07-06 22:18:22,1063,login,home
2025-07-06 22:18:29,1029,login,home
2025-07-06 22:19:12,1055,view,checkout
